{"@t":"2025-03-02T15:24:29.3051966Z","@mt":"Acquiring MainDom.","SourceContext":"Umbraco.Cms.Core.Runtime.MainDom","ProcessId":13172,"ProcessName":"iisexpress","ThreadId":1,"ApplicationId":"5a9a6c9ff9cf7988d6237fc87602cb69c19fc118","MachineName":"IG-UMH-DKT-0010","Log4NetLevel":"INFO "}
{"@t":"2025-03-02T15:24:29.3634376Z","@mt":"Acquired MainDom.","SourceContext":"Umbraco.Cms.Core.Runtime.MainDom","ProcessId":13172,"ProcessName":"iisexpress","ThreadId":1,"ApplicationId":"5a9a6c9ff9cf7988d6237fc87602cb69c19fc118","MachineName":"IG-UMH-DKT-0010","Log4NetLevel":"INFO "}
{"@t":"2025-03-02T15:24:31.8727355Z","@mt":"Starting recurring background jobs hosted services","SourceContext":"Umbraco.Cms.Infrastructure.BackgroundJobs.RecurringBackgroundJobHostedServiceRunner","ProcessId":13172,"ProcessName":"iisexpress","ThreadId":1,"ApplicationId":"5a9a6c9ff9cf7988d6237fc87602cb69c19fc118","MachineName":"IG-UMH-DKT-0010","Log4NetLevel":"INFO "}
{"@t":"2025-03-02T15:24:31.8749963Z","@mt":"Starting background hosted service for {job}","job":"OpenIddictCleanupJob","SourceContext":"Umbraco.Cms.Infrastructure.BackgroundJobs.RecurringBackgroundJobHostedServiceRunner","ProcessId":13172,"ProcessName":"iisexpress","ThreadId":1,"ApplicationId":"5a9a6c9ff9cf7988d6237fc87602cb69c19fc118","MachineName":"IG-UMH-DKT-0010","Log4NetLevel":"INFO "}
{"@t":"2025-03-02T15:24:31.8800972Z","@mt":"Starting background hosted service for {job}","job":"HealthCheckNotifierJob","SourceContext":"Umbraco.Cms.Infrastructure.BackgroundJobs.RecurringBackgroundJobHostedServiceRunner","ProcessId":13172,"ProcessName":"iisexpress","ThreadId":1,"ApplicationId":"5a9a6c9ff9cf7988d6237fc87602cb69c19fc118","MachineName":"IG-UMH-DKT-0010","Log4NetLevel":"INFO "}
{"@t":"2025-03-02T15:24:31.8813394Z","@mt":"Starting background hosted service for {job}","job":"LogScrubberJob","SourceContext":"Umbraco.Cms.Infrastructure.BackgroundJobs.RecurringBackgroundJobHostedServiceRunner","ProcessId":13172,"ProcessName":"iisexpress","ThreadId":1,"ApplicationId":"5a9a6c9ff9cf7988d6237fc87602cb69c19fc118","MachineName":"IG-UMH-DKT-0010","Log4NetLevel":"INFO "}
{"@t":"2025-03-02T15:24:31.8820641Z","@mt":"Starting background hosted service for {job}","job":"ContentVersionCleanupJob","SourceContext":"Umbraco.Cms.Infrastructure.BackgroundJobs.RecurringBackgroundJobHostedServiceRunner","ProcessId":13172,"ProcessName":"iisexpress","ThreadId":1,"ApplicationId":"5a9a6c9ff9cf7988d6237fc87602cb69c19fc118","MachineName":"IG-UMH-DKT-0010","Log4NetLevel":"INFO "}
{"@t":"2025-03-02T15:24:31.8828284Z","@mt":"Starting background hosted service for {job}","job":"ScheduledPublishingJob","SourceContext":"Umbraco.Cms.Infrastructure.BackgroundJobs.RecurringBackgroundJobHostedServiceRunner","ProcessId":13172,"ProcessName":"iisexpress","ThreadId":1,"ApplicationId":"5a9a6c9ff9cf7988d6237fc87602cb69c19fc118","MachineName":"IG-UMH-DKT-0010","Log4NetLevel":"INFO "}
{"@t":"2025-03-02T15:24:31.8835771Z","@mt":"Starting background hosted service for {job}","job":"TempFileCleanupJob","SourceContext":"Umbraco.Cms.Infrastructure.BackgroundJobs.RecurringBackgroundJobHostedServiceRunner","ProcessId":13172,"ProcessName":"iisexpress","ThreadId":1,"ApplicationId":"5a9a6c9ff9cf7988d6237fc87602cb69c19fc118","MachineName":"IG-UMH-DKT-0010","Log4NetLevel":"INFO "}
{"@t":"2025-03-02T15:24:31.8844023Z","@mt":"Starting background hosted service for {job}","job":"TemporaryFileCleanupJob","SourceContext":"Umbraco.Cms.Infrastructure.BackgroundJobs.RecurringBackgroundJobHostedServiceRunner","ProcessId":13172,"ProcessName":"iisexpress","ThreadId":1,"ApplicationId":"5a9a6c9ff9cf7988d6237fc87602cb69c19fc118","MachineName":"IG-UMH-DKT-0010","Log4NetLevel":"INFO "}
{"@t":"2025-03-02T15:24:31.8852002Z","@mt":"Starting background hosted service for {job}","job":"InstructionProcessJob","SourceContext":"Umbraco.Cms.Infrastructure.BackgroundJobs.RecurringBackgroundJobHostedServiceRunner","ProcessId":13172,"ProcessName":"iisexpress","ThreadId":1,"ApplicationId":"5a9a6c9ff9cf7988d6237fc87602cb69c19fc118","MachineName":"IG-UMH-DKT-0010","Log4NetLevel":"INFO "}
{"@t":"2025-03-02T15:24:31.8861469Z","@mt":"Starting background hosted service for {job}","job":"TouchServerJob","SourceContext":"Umbraco.Cms.Infrastructure.BackgroundJobs.RecurringBackgroundJobHostedServiceRunner","ProcessId":13172,"ProcessName":"iisexpress","ThreadId":1,"ApplicationId":"5a9a6c9ff9cf7988d6237fc87602cb69c19fc118","MachineName":"IG-UMH-DKT-0010","Log4NetLevel":"INFO "}
{"@t":"2025-03-02T15:24:31.8868597Z","@mt":"Starting background hosted service for {job}","job":"WebhookFiring","SourceContext":"Umbraco.Cms.Infrastructure.BackgroundJobs.RecurringBackgroundJobHostedServiceRunner","ProcessId":13172,"ProcessName":"iisexpress","ThreadId":1,"ApplicationId":"5a9a6c9ff9cf7988d6237fc87602cb69c19fc118","MachineName":"IG-UMH-DKT-0010","Log4NetLevel":"INFO "}
{"@t":"2025-03-02T15:24:31.8875931Z","@mt":"Starting background hosted service for {job}","job":"WebhookLoggingCleanup","SourceContext":"Umbraco.Cms.Infrastructure.BackgroundJobs.RecurringBackgroundJobHostedServiceRunner","ProcessId":13172,"ProcessName":"iisexpress","ThreadId":1,"ApplicationId":"5a9a6c9ff9cf7988d6237fc87602cb69c19fc118","MachineName":"IG-UMH-DKT-0010","Log4NetLevel":"INFO "}
{"@t":"2025-03-02T15:24:31.8882680Z","@mt":"Starting background hosted service for {job}","job":"ReportSiteJob","SourceContext":"Umbraco.Cms.Infrastructure.BackgroundJobs.RecurringBackgroundJobHostedServiceRunner","ProcessId":13172,"ProcessName":"iisexpress","ThreadId":1,"ApplicationId":"5a9a6c9ff9cf7988d6237fc87602cb69c19fc118","MachineName":"IG-UMH-DKT-0010","Log4NetLevel":"INFO "}
{"@t":"2025-03-02T15:24:31.8884036Z","@mt":"Completed starting recurring background jobs hosted services","SourceContext":"Umbraco.Cms.Infrastructure.BackgroundJobs.RecurringBackgroundJobHostedServiceRunner","ProcessId":13172,"ProcessName":"iisexpress","ThreadId":1,"ApplicationId":"5a9a6c9ff9cf7988d6237fc87602cb69c19fc118","MachineName":"IG-UMH-DKT-0010","Log4NetLevel":"INFO "}
{"@t":"2025-03-02T15:24:32.3712083Z","@mt":"Application started. Press Ctrl+C to shut down.","SourceContext":"Microsoft.Hosting.Lifetime","ProcessId":13172,"ProcessName":"iisexpress","ThreadId":1,"ApplicationId":"5a9a6c9ff9cf7988d6237fc87602cb69c19fc118","MachineName":"IG-UMH-DKT-0010","Log4NetLevel":"INFO "}
{"@t":"2025-03-02T15:24:32.3738879Z","@mt":"Hosting environment: {EnvName}","EnvName":"Development","SourceContext":"Microsoft.Hosting.Lifetime","ProcessId":13172,"ProcessName":"iisexpress","ThreadId":1,"ApplicationId":"5a9a6c9ff9cf7988d6237fc87602cb69c19fc118","MachineName":"IG-UMH-DKT-0010","Log4NetLevel":"INFO "}
{"@t":"2025-03-02T15:24:32.3739412Z","@mt":"Content root path: {ContentRoot}","ContentRoot":"C:\\Users\\Sivanesan.Subramunie\\Source\\Repos\\blueGrassDigital","SourceContext":"Microsoft.Hosting.Lifetime","ProcessId":13172,"ProcessName":"iisexpress","ThreadId":1,"ApplicationId":"5a9a6c9ff9cf7988d6237fc87602cb69c19fc118","MachineName":"IG-UMH-DKT-0010","Log4NetLevel":"INFO "}
{"@t":"2025-03-02T15:26:13.1327294Z","@mt":"The Delivery API is not enabled, no indexing will performed for the Delivery API content index.","SourceContext":"Umbraco.Cms.Infrastructure.Examine.DeliveryApiContentIndexPopulator","ProcessId":13172,"ProcessName":"iisexpress","ThreadId":17,"ApplicationId":"5a9a6c9ff9cf7988d6237fc87602cb69c19fc118","MachineName":"IG-UMH-DKT-0010","Log4NetLevel":"INFO "}
{"@t":"2025-03-02T15:34:55.5949026Z","@mt":"Acquiring MainDom.","SourceContext":"Umbraco.Cms.Core.Runtime.MainDom","ProcessId":18656,"ProcessName":"iisexpress","ThreadId":1,"ApplicationId":"5a9a6c9ff9cf7988d6237fc87602cb69c19fc118","MachineName":"IG-UMH-DKT-0010","Log4NetLevel":"INFO "}
{"@t":"2025-03-02T15:34:55.6117064Z","@mt":"Acquired MainDom.","SourceContext":"Umbraco.Cms.Core.Runtime.MainDom","ProcessId":18656,"ProcessName":"iisexpress","ThreadId":1,"ApplicationId":"5a9a6c9ff9cf7988d6237fc87602cb69c19fc118","MachineName":"IG-UMH-DKT-0010","Log4NetLevel":"INFO "}
{"@t":"2025-03-02T15:34:57.3313604Z","@mt":"Starting recurring background jobs hosted services","SourceContext":"Umbraco.Cms.Infrastructure.BackgroundJobs.RecurringBackgroundJobHostedServiceRunner","ProcessId":18656,"ProcessName":"iisexpress","ThreadId":1,"ApplicationId":"5a9a6c9ff9cf7988d6237fc87602cb69c19fc118","MachineName":"IG-UMH-DKT-0010","Log4NetLevel":"INFO "}
{"@t":"2025-03-02T15:34:57.3341446Z","@mt":"Starting background hosted service for {job}","job":"OpenIddictCleanupJob","SourceContext":"Umbraco.Cms.Infrastructure.BackgroundJobs.RecurringBackgroundJobHostedServiceRunner","ProcessId":18656,"ProcessName":"iisexpress","ThreadId":1,"ApplicationId":"5a9a6c9ff9cf7988d6237fc87602cb69c19fc118","MachineName":"IG-UMH-DKT-0010","Log4NetLevel":"INFO "}
{"@t":"2025-03-02T15:34:57.3422309Z","@mt":"Starting background hosted service for {job}","job":"HealthCheckNotifierJob","SourceContext":"Umbraco.Cms.Infrastructure.BackgroundJobs.RecurringBackgroundJobHostedServiceRunner","ProcessId":18656,"ProcessName":"iisexpress","ThreadId":1,"ApplicationId":"5a9a6c9ff9cf7988d6237fc87602cb69c19fc118","MachineName":"IG-UMH-DKT-0010","Log4NetLevel":"INFO "}
{"@t":"2025-03-02T15:34:57.3437208Z","@mt":"Starting background hosted service for {job}","job":"LogScrubberJob","SourceContext":"Umbraco.Cms.Infrastructure.BackgroundJobs.RecurringBackgroundJobHostedServiceRunner","ProcessId":18656,"ProcessName":"iisexpress","ThreadId":1,"ApplicationId":"5a9a6c9ff9cf7988d6237fc87602cb69c19fc118","MachineName":"IG-UMH-DKT-0010","Log4NetLevel":"INFO "}
{"@t":"2025-03-02T15:34:57.3447846Z","@mt":"Starting background hosted service for {job}","job":"ContentVersionCleanupJob","SourceContext":"Umbraco.Cms.Infrastructure.BackgroundJobs.RecurringBackgroundJobHostedServiceRunner","ProcessId":18656,"ProcessName":"iisexpress","ThreadId":1,"ApplicationId":"5a9a6c9ff9cf7988d6237fc87602cb69c19fc118","MachineName":"IG-UMH-DKT-0010","Log4NetLevel":"INFO "}
{"@t":"2025-03-02T15:34:57.3458427Z","@mt":"Starting background hosted service for {job}","job":"ScheduledPublishingJob","SourceContext":"Umbraco.Cms.Infrastructure.BackgroundJobs.RecurringBackgroundJobHostedServiceRunner","ProcessId":18656,"ProcessName":"iisexpress","ThreadId":1,"ApplicationId":"5a9a6c9ff9cf7988d6237fc87602cb69c19fc118","MachineName":"IG-UMH-DKT-0010","Log4NetLevel":"INFO "}
{"@t":"2025-03-02T15:34:57.3466022Z","@mt":"Starting background hosted service for {job}","job":"TempFileCleanupJob","SourceContext":"Umbraco.Cms.Infrastructure.BackgroundJobs.RecurringBackgroundJobHostedServiceRunner","ProcessId":18656,"ProcessName":"iisexpress","ThreadId":1,"ApplicationId":"5a9a6c9ff9cf7988d6237fc87602cb69c19fc118","MachineName":"IG-UMH-DKT-0010","Log4NetLevel":"INFO "}
{"@t":"2025-03-02T15:34:57.3474687Z","@mt":"Starting background hosted service for {job}","job":"TemporaryFileCleanupJob","SourceContext":"Umbraco.Cms.Infrastructure.BackgroundJobs.RecurringBackgroundJobHostedServiceRunner","ProcessId":18656,"ProcessName":"iisexpress","ThreadId":1,"ApplicationId":"5a9a6c9ff9cf7988d6237fc87602cb69c19fc118","MachineName":"IG-UMH-DKT-0010","Log4NetLevel":"INFO "}
{"@t":"2025-03-02T15:34:57.3483885Z","@mt":"Starting background hosted service for {job}","job":"InstructionProcessJob","SourceContext":"Umbraco.Cms.Infrastructure.BackgroundJobs.RecurringBackgroundJobHostedServiceRunner","ProcessId":18656,"ProcessName":"iisexpress","ThreadId":1,"ApplicationId":"5a9a6c9ff9cf7988d6237fc87602cb69c19fc118","MachineName":"IG-UMH-DKT-0010","Log4NetLevel":"INFO "}
{"@t":"2025-03-02T15:34:57.3493744Z","@mt":"Starting background hosted service for {job}","job":"TouchServerJob","SourceContext":"Umbraco.Cms.Infrastructure.BackgroundJobs.RecurringBackgroundJobHostedServiceRunner","ProcessId":18656,"ProcessName":"iisexpress","ThreadId":1,"ApplicationId":"5a9a6c9ff9cf7988d6237fc87602cb69c19fc118","MachineName":"IG-UMH-DKT-0010","Log4NetLevel":"INFO "}
{"@t":"2025-03-02T15:34:57.3501187Z","@mt":"Starting background hosted service for {job}","job":"WebhookFiring","SourceContext":"Umbraco.Cms.Infrastructure.BackgroundJobs.RecurringBackgroundJobHostedServiceRunner","ProcessId":18656,"ProcessName":"iisexpress","ThreadId":1,"ApplicationId":"5a9a6c9ff9cf7988d6237fc87602cb69c19fc118","MachineName":"IG-UMH-DKT-0010","Log4NetLevel":"INFO "}
{"@t":"2025-03-02T15:34:57.3508058Z","@mt":"Starting background hosted service for {job}","job":"WebhookLoggingCleanup","SourceContext":"Umbraco.Cms.Infrastructure.BackgroundJobs.RecurringBackgroundJobHostedServiceRunner","ProcessId":18656,"ProcessName":"iisexpress","ThreadId":1,"ApplicationId":"5a9a6c9ff9cf7988d6237fc87602cb69c19fc118","MachineName":"IG-UMH-DKT-0010","Log4NetLevel":"INFO "}
{"@t":"2025-03-02T15:34:57.3515379Z","@mt":"Starting background hosted service for {job}","job":"ReportSiteJob","SourceContext":"Umbraco.Cms.Infrastructure.BackgroundJobs.RecurringBackgroundJobHostedServiceRunner","ProcessId":18656,"ProcessName":"iisexpress","ThreadId":1,"ApplicationId":"5a9a6c9ff9cf7988d6237fc87602cb69c19fc118","MachineName":"IG-UMH-DKT-0010","Log4NetLevel":"INFO "}
{"@t":"2025-03-02T15:34:57.3516628Z","@mt":"Completed starting recurring background jobs hosted services","SourceContext":"Umbraco.Cms.Infrastructure.BackgroundJobs.RecurringBackgroundJobHostedServiceRunner","ProcessId":18656,"ProcessName":"iisexpress","ThreadId":1,"ApplicationId":"5a9a6c9ff9cf7988d6237fc87602cb69c19fc118","MachineName":"IG-UMH-DKT-0010","Log4NetLevel":"INFO "}
{"@t":"2025-03-02T15:34:57.6695277Z","@mt":"Application started. Press Ctrl+C to shut down.","SourceContext":"Microsoft.Hosting.Lifetime","ProcessId":18656,"ProcessName":"iisexpress","ThreadId":1,"ApplicationId":"5a9a6c9ff9cf7988d6237fc87602cb69c19fc118","MachineName":"IG-UMH-DKT-0010","Log4NetLevel":"INFO "}
{"@t":"2025-03-02T15:34:57.6695988Z","@mt":"Hosting environment: {EnvName}","EnvName":"Development","SourceContext":"Microsoft.Hosting.Lifetime","ProcessId":18656,"ProcessName":"iisexpress","ThreadId":1,"ApplicationId":"5a9a6c9ff9cf7988d6237fc87602cb69c19fc118","MachineName":"IG-UMH-DKT-0010","Log4NetLevel":"INFO "}
{"@t":"2025-03-02T15:34:57.6696170Z","@mt":"Content root path: {ContentRoot}","ContentRoot":"C:\\Users\\Sivanesan.Subramunie\\Source\\Repos\\blueGrassDigital","SourceContext":"Microsoft.Hosting.Lifetime","ProcessId":18656,"ProcessName":"iisexpress","ThreadId":1,"ApplicationId":"5a9a6c9ff9cf7988d6237fc87602cb69c19fc118","MachineName":"IG-UMH-DKT-0010","Log4NetLevel":"INFO "}
{"@t":"2025-03-02T15:35:09.6240860Z","@mt":"Compilation error occured with message: {ErrorMessage}","@l":"Error","@x":"Umbraco.Cms.Web.Common.ModelsBuilder.InMemoryAuto.UmbracoCompilationException: Exception of type 'Umbraco.Cms.Web.Common.ModelsBuilder.InMemoryAuto.UmbracoCompilationException' was thrown.","@tr":"1819acb38ccfdeff940dc30d7ac948f6","@sp":"f57587df6fb837e2","ErrorMessage":"C:\\Users\\Sivanesan.Subramunie\\Source\\Repos\\blueGrassDigital\\Views\\generalContentPage.cshtml(2,30): error CS0234: The type or namespace name 'ViewModels' does not exist in the namespace 'blueGrassDigital.Views' (are you missing an assembly reference?)","SourceContext":"Umbraco.Cms.Web.Common.ModelsBuilder.InMemoryAuto.CollectibleRuntimeViewCompiler","ActionId":"5ebcf078-4604-4311-ad83-5316fded6573","ActionName":"blueGrassDigital.Controllers.GeneralContentPageController.Index (blueGrassDigital)","RequestId":"80000004-0002-fd00-b63f-84710c7967bb","RequestPath":"/","ProcessId":18656,"ProcessName":"iisexpress","ThreadId":8,"ApplicationId":"5a9a6c9ff9cf7988d6237fc87602cb69c19fc118","MachineName":"IG-UMH-DKT-0010","Log4NetLevel":"ERROR","HttpRequestId":"defef09f-4eb6-4936-a0ea-038cf99ea3a6","HttpRequestNumber":1,"HttpSessionId":"e143b66d-355e-c1a1-ae57-f948f1482048"}
{"@t":"2025-03-02T15:35:09.6276929Z","@mt":"Compilation error occured with message: {ErrorMessage}","@l":"Error","@x":"Umbraco.Cms.Web.Common.ModelsBuilder.InMemoryAuto.UmbracoCompilationException: Exception of type 'Umbraco.Cms.Web.Common.ModelsBuilder.InMemoryAuto.UmbracoCompilationException' was thrown.","@tr":"1819acb38ccfdeff940dc30d7ac948f6","@sp":"f57587df6fb837e2","ErrorMessage":"C:\\Users\\Sivanesan.Subramunie\\Source\\Repos\\blueGrassDigital\\Views\\generalContentPage.cshtml(5,22): error CS0246: The type or namespace name 'GeneralContentPageViewModel' could not be found (are you missing a using directive or an assembly reference?)","SourceContext":"Umbraco.Cms.Web.Common.ModelsBuilder.InMemoryAuto.CollectibleRuntimeViewCompiler","ActionId":"5ebcf078-4604-4311-ad83-5316fded6573","ActionName":"blueGrassDigital.Controllers.GeneralContentPageController.Index (blueGrassDigital)","RequestId":"80000004-0002-fd00-b63f-84710c7967bb","RequestPath":"/","ProcessId":18656,"ProcessName":"iisexpress","ThreadId":8,"ApplicationId":"5a9a6c9ff9cf7988d6237fc87602cb69c19fc118","MachineName":"IG-UMH-DKT-0010","Log4NetLevel":"ERROR","HttpRequestId":"defef09f-4eb6-4936-a0ea-038cf99ea3a6","HttpRequestNumber":1,"HttpSessionId":"e143b66d-355e-c1a1-ae57-f948f1482048"}
{"@t":"2025-03-02T15:35:23.3309576Z","@mt":"An unhandled exception has occurred while executing the request.","@l":"Error","@x":"Umbraco.Cms.Web.Common.ModelsBuilder.InMemoryAuto.UmbracoCompilationException: Exception of type 'Umbraco.Cms.Web.Common.ModelsBuilder.InMemoryAuto.UmbracoCompilationException' was thrown.\r\n   at Umbraco.Cms.Web.Common.ModelsBuilder.InMemoryAuto.CollectibleRuntimeViewCompiler.CompileAndEmit(RazorCodeDocument codeDocument, String generatedCode)\r\n   at Umbraco.Cms.Web.Common.ModelsBuilder.InMemoryAuto.CollectibleRuntimeViewCompiler.CompileAndEmit(String relativePath)\r\n   at Umbraco.Cms.Web.Common.ModelsBuilder.InMemoryAuto.CollectibleRuntimeViewCompiler.OnCacheMiss(String normalizedPath)\r\n--- End of stack trace from previous location ---\r\n   at Microsoft.AspNetCore.Mvc.Razor.Compilation.DefaultRazorPageFactoryProvider.CreateFactory(String relativePath)\r\n   at Microsoft.AspNetCore.Mvc.Razor.RazorViewEngine.CreateCacheResult(HashSet`1 expirationTokens, String relativePath, Boolean isMainPage)\r\n   at Microsoft.AspNetCore.Mvc.Razor.RazorViewEngine.OnCacheMiss(ViewLocationExpanderContext expanderContext, ViewLocationCacheKey cacheKey)\r\n   at Microsoft.AspNetCore.Mvc.Razor.RazorViewEngine.LocatePageFromViewLocations(ActionContext actionContext, String pageName, Boolean isMainPage)\r\n   at Microsoft.AspNetCore.Mvc.Razor.RazorViewEngine.FindView(ActionContext context, String viewName, Boolean isMainPage)\r\n   at Umbraco.Cms.Web.Website.ViewEngines.ProfilingViewEngine.FindView(ActionContext context, String viewName, Boolean isMainPage)\r\n   at Microsoft.AspNetCore.Mvc.ViewEngines.CompositeViewEngine.FindView(ActionContext context, String viewName, Boolean isMainPage)\r\n   at Umbraco.Cms.Web.Common.Controllers.UmbracoPageController.EnsurePhsyicalViewExists(String template)\r\n   at Umbraco.Cms.Web.Common.Controllers.RenderController.CurrentTemplate[T](T model)\r\n   at blueGrassDigital.Controllers.GeneralContentPageController.Index() in C:\\Users\\Sivanesan.Subramunie\\Source\\Repos\\blueGrassDigital\\Controllers\\GeneralContentPageController.cs:line 37\r\n   at lambda_method28(Closure, Object, Object[])\r\n   at Microsoft.AspNetCore.Mvc.Infrastructure.ActionMethodExecutor.SyncActionResultExecutor.Execute(ActionContext actionContext, IActionResultTypeMapper mapper, ObjectMethodExecutor executor, Object controller, Object[] arguments)\r\n   at Microsoft.AspNetCore.Mvc.Infrastructure.ControllerActionInvoker.InvokeActionMethodAsync()\r\n   at Microsoft.AspNetCore.Mvc.Infrastructure.ControllerActionInvoker.Next(State& next, Scope& scope, Object& state, Boolean& isCompleted)\r\n   at Microsoft.AspNetCore.Mvc.Infrastructure.ControllerActionInvoker.InvokeNextActionFilterAsync()\r\n--- End of stack trace from previous location ---\r\n   at Microsoft.AspNetCore.Mvc.Infrastructure.ControllerActionInvoker.Rethrow(ActionExecutedContextSealed context)\r\n   at Microsoft.AspNetCore.Mvc.Infrastructure.ControllerActionInvoker.Next(State& next, Scope& scope, Object& state, Boolean& isCompleted)\r\n   at Microsoft.AspNetCore.Mvc.Infrastructure.ControllerActionInvoker.InvokeInnerFilterAsync()\r\n--- End of stack trace from previous location ---\r\n   at Microsoft.AspNetCore.Mvc.Infrastructure.ResourceInvoker.<InvokeNextExceptionFilterAsync>g__Awaited|26_0(ResourceInvoker invoker, Task lastTask, State next, Scope scope, Object state, Boolean isCompleted)\r\n   at Microsoft.AspNetCore.Mvc.Infrastructure.ResourceInvoker.Rethrow(ExceptionContextSealed context)\r\n   at Microsoft.AspNetCore.Mvc.Infrastructure.ResourceInvoker.Next(State& next, Scope& scope, Object& state, Boolean& isCompleted)\r\n   at Microsoft.AspNetCore.Mvc.Infrastructure.ResourceInvoker.InvokeNextResourceFilter()\r\n--- End of stack trace from previous location ---\r\n   at Microsoft.AspNetCore.Mvc.Infrastructure.ResourceInvoker.Rethrow(ResourceExecutedContextSealed context)\r\n   at Microsoft.AspNetCore.Mvc.Infrastructure.ResourceInvoker.Next(State& next, Scope& scope, Object& state, Boolean& isCompleted)\r\n   at Microsoft.AspNetCore.Mvc.Infrastructure.ResourceInvoker.InvokeFilterPipelineAsync()\r\n--- End of stack trace from previous location ---\r\n   at Microsoft.AspNetCore.Mvc.Infrastructure.ResourceInvoker.<InvokeAsync>g__Awaited|17_0(ResourceInvoker invoker, Task task, IDisposable scope)\r\n   at Microsoft.AspNetCore.Mvc.Infrastructure.ResourceInvoker.<InvokeAsync>g__Awaited|17_0(ResourceInvoker invoker, Task task, IDisposable scope)\r\n   at Umbraco.Cms.Web.Common.Middleware.BasicAuthenticationMiddleware.InvokeAsync(HttpContext context, RequestDelegate next)\r\n   at Microsoft.AspNetCore.Builder.UseMiddlewareExtensions.InterfaceMiddlewareBinder.<>c__DisplayClass2_0.<<CreateMiddleware>b__0>d.MoveNext()\r\n--- End of stack trace from previous location ---\r\n   at Umbraco.Cms.Api.Management.Middleware.BackOfficeExternalLoginProviderErrorMiddleware.InvokeAsync(HttpContext context, RequestDelegate next)\r\n   at Microsoft.AspNetCore.Builder.UseMiddlewareExtensions.InterfaceMiddlewareBinder.<>c__DisplayClass2_0.<<CreateMiddleware>b__0>d.MoveNext()\r\n--- End of stack trace from previous location ---\r\n   at Swashbuckle.AspNetCore.SwaggerUI.SwaggerUIMiddleware.Invoke(HttpContext httpContext)\r\n   at Swashbuckle.AspNetCore.Swagger.SwaggerMiddleware.Invoke(HttpContext httpContext, ISwaggerProvider swaggerProvider)\r\n   at Microsoft.AspNetCore.Session.SessionMiddleware.Invoke(HttpContext context)\r\n   at Microsoft.AspNetCore.Session.SessionMiddleware.Invoke(HttpContext context)\r\n   at Microsoft.AspNetCore.Localization.RequestLocalizationMiddleware.Invoke(HttpContext context)\r\n   at Microsoft.AspNetCore.Authorization.AuthorizationMiddleware.Invoke(HttpContext context)\r\n   at Microsoft.AspNetCore.Authentication.AuthenticationMiddleware.Invoke(HttpContext context)\r\n   at StackExchange.Profiling.MiniProfilerMiddleware.Invoke(HttpContext context) in C:\\projects\\dotnet\\src\\MiniProfiler.AspNetCore\\MiniProfilerMiddleware.cs:line 112\r\n   at Umbraco.Cms.Web.Common.Middleware.UmbracoRequestMiddleware.InvokeAsync(HttpContext context, RequestDelegate next)\r\n   at Umbraco.Cms.Web.Common.Middleware.UmbracoRequestMiddleware.InvokeAsync(HttpContext context, RequestDelegate next)\r\n   at Microsoft.AspNetCore.Builder.UseMiddlewareExtensions.InterfaceMiddlewareBinder.<>c__DisplayClass2_0.<<CreateMiddleware>b__0>d.MoveNext()\r\n--- End of stack trace from previous location ---\r\n   at Umbraco.Cms.Web.Common.Middleware.PreviewAuthenticationMiddleware.InvokeAsync(HttpContext context, RequestDelegate next)\r\n   at Microsoft.AspNetCore.Builder.UseMiddlewareExtensions.InterfaceMiddlewareBinder.<>c__DisplayClass2_0.<<CreateMiddleware>b__0>d.MoveNext()\r\n--- End of stack trace from previous location ---\r\n   at Umbraco.Cms.Web.Common.Middleware.UmbracoRequestLoggingMiddleware.InvokeAsync(HttpContext context, RequestDelegate next)\r\n   at Microsoft.AspNetCore.Builder.UseMiddlewareExtensions.InterfaceMiddlewareBinder.<>c__DisplayClass2_0.<<CreateMiddleware>b__0>d.MoveNext()\r\n--- End of stack trace from previous location ---\r\n   at SixLabors.ImageSharp.Web.Middleware.ImageSharpMiddleware.Invoke(HttpContext httpContext, Boolean retry)\r\n   at Umbraco.Cms.Api.Management.Middleware.BackOfficeAuthorizationInitializationMiddleware.InvokeAsync(HttpContext context, RequestDelegate next)\r\n   at Microsoft.AspNetCore.Builder.UseMiddlewareExtensions.InterfaceMiddlewareBinder.<>c__DisplayClass2_0.<<CreateMiddleware>b__0>d.MoveNext()\r\n--- End of stack trace from previous location ---\r\n   at Microsoft.AspNetCore.Diagnostics.DeveloperExceptionPageMiddlewareImpl.Invoke(HttpContext context)","@tr":"1819acb38ccfdeff940dc30d7ac948f6","@sp":"f57587df6fb837e2","EventId":{"Id":1,"Name":"UnhandledException"},"SourceContext":"Microsoft.AspNetCore.Diagnostics.DeveloperExceptionPageMiddleware","RequestId":"80000004-0002-fd00-b63f-84710c7967bb","RequestPath":"/","ProcessId":18656,"ProcessName":"iisexpress","ThreadId":8,"ApplicationId":"5a9a6c9ff9cf7988d6237fc87602cb69c19fc118","MachineName":"IG-UMH-DKT-0010","Log4NetLevel":"ERROR"}
{"@t":"2025-03-02T15:35:55.9250577Z","@mt":"Acquiring MainDom.","SourceContext":"Umbraco.Cms.Core.Runtime.MainDom","ProcessId":18732,"ProcessName":"iisexpress","ThreadId":1,"ApplicationId":"5a9a6c9ff9cf7988d6237fc87602cb69c19fc118","MachineName":"IG-UMH-DKT-0010","Log4NetLevel":"INFO "}
{"@t":"2025-03-02T15:35:55.9425797Z","@mt":"Acquired MainDom.","SourceContext":"Umbraco.Cms.Core.Runtime.MainDom","ProcessId":18732,"ProcessName":"iisexpress","ThreadId":1,"ApplicationId":"5a9a6c9ff9cf7988d6237fc87602cb69c19fc118","MachineName":"IG-UMH-DKT-0010","Log4NetLevel":"INFO "}
{"@t":"2025-03-02T15:35:57.4786190Z","@mt":"Starting recurring background jobs hosted services","SourceContext":"Umbraco.Cms.Infrastructure.BackgroundJobs.RecurringBackgroundJobHostedServiceRunner","ProcessId":18732,"ProcessName":"iisexpress","ThreadId":1,"ApplicationId":"5a9a6c9ff9cf7988d6237fc87602cb69c19fc118","MachineName":"IG-UMH-DKT-0010","Log4NetLevel":"INFO "}
{"@t":"2025-03-02T15:35:57.4811588Z","@mt":"Starting background hosted service for {job}","job":"OpenIddictCleanupJob","SourceContext":"Umbraco.Cms.Infrastructure.BackgroundJobs.RecurringBackgroundJobHostedServiceRunner","ProcessId":18732,"ProcessName":"iisexpress","ThreadId":1,"ApplicationId":"5a9a6c9ff9cf7988d6237fc87602cb69c19fc118","MachineName":"IG-UMH-DKT-0010","Log4NetLevel":"INFO "}
{"@t":"2025-03-02T15:35:57.4871545Z","@mt":"Starting background hosted service for {job}","job":"HealthCheckNotifierJob","SourceContext":"Umbraco.Cms.Infrastructure.BackgroundJobs.RecurringBackgroundJobHostedServiceRunner","ProcessId":18732,"ProcessName":"iisexpress","ThreadId":1,"ApplicationId":"5a9a6c9ff9cf7988d6237fc87602cb69c19fc118","MachineName":"IG-UMH-DKT-0010","Log4NetLevel":"INFO "}
{"@t":"2025-03-02T15:35:57.4881214Z","@mt":"Starting background hosted service for {job}","job":"LogScrubberJob","SourceContext":"Umbraco.Cms.Infrastructure.BackgroundJobs.RecurringBackgroundJobHostedServiceRunner","ProcessId":18732,"ProcessName":"iisexpress","ThreadId":1,"ApplicationId":"5a9a6c9ff9cf7988d6237fc87602cb69c19fc118","MachineName":"IG-UMH-DKT-0010","Log4NetLevel":"INFO "}
{"@t":"2025-03-02T15:35:57.4888989Z","@mt":"Starting background hosted service for {job}","job":"ContentVersionCleanupJob","SourceContext":"Umbraco.Cms.Infrastructure.BackgroundJobs.RecurringBackgroundJobHostedServiceRunner","ProcessId":18732,"ProcessName":"iisexpress","ThreadId":1,"ApplicationId":"5a9a6c9ff9cf7988d6237fc87602cb69c19fc118","MachineName":"IG-UMH-DKT-0010","Log4NetLevel":"INFO "}
{"@t":"2025-03-02T15:35:57.4896056Z","@mt":"Starting background hosted service for {job}","job":"ScheduledPublishingJob","SourceContext":"Umbraco.Cms.Infrastructure.BackgroundJobs.RecurringBackgroundJobHostedServiceRunner","ProcessId":18732,"ProcessName":"iisexpress","ThreadId":1,"ApplicationId":"5a9a6c9ff9cf7988d6237fc87602cb69c19fc118","MachineName":"IG-UMH-DKT-0010","Log4NetLevel":"INFO "}
{"@t":"2025-03-02T15:35:57.4903253Z","@mt":"Starting background hosted service for {job}","job":"TempFileCleanupJob","SourceContext":"Umbraco.Cms.Infrastructure.BackgroundJobs.RecurringBackgroundJobHostedServiceRunner","ProcessId":18732,"ProcessName":"iisexpress","ThreadId":1,"ApplicationId":"5a9a6c9ff9cf7988d6237fc87602cb69c19fc118","MachineName":"IG-UMH-DKT-0010","Log4NetLevel":"INFO "}
{"@t":"2025-03-02T15:35:57.4910851Z","@mt":"Starting background hosted service for {job}","job":"TemporaryFileCleanupJob","SourceContext":"Umbraco.Cms.Infrastructure.BackgroundJobs.RecurringBackgroundJobHostedServiceRunner","ProcessId":18732,"ProcessName":"iisexpress","ThreadId":1,"ApplicationId":"5a9a6c9ff9cf7988d6237fc87602cb69c19fc118","MachineName":"IG-UMH-DKT-0010","Log4NetLevel":"INFO "}
{"@t":"2025-03-02T15:35:57.4918416Z","@mt":"Starting background hosted service for {job}","job":"InstructionProcessJob","SourceContext":"Umbraco.Cms.Infrastructure.BackgroundJobs.RecurringBackgroundJobHostedServiceRunner","ProcessId":18732,"ProcessName":"iisexpress","ThreadId":1,"ApplicationId":"5a9a6c9ff9cf7988d6237fc87602cb69c19fc118","MachineName":"IG-UMH-DKT-0010","Log4NetLevel":"INFO "}
{"@t":"2025-03-02T15:35:57.4926772Z","@mt":"Starting background hosted service for {job}","job":"TouchServerJob","SourceContext":"Umbraco.Cms.Infrastructure.BackgroundJobs.RecurringBackgroundJobHostedServiceRunner","ProcessId":18732,"ProcessName":"iisexpress","ThreadId":1,"ApplicationId":"5a9a6c9ff9cf7988d6237fc87602cb69c19fc118","MachineName":"IG-UMH-DKT-0010","Log4NetLevel":"INFO "}
{"@t":"2025-03-02T15:35:57.4934352Z","@mt":"Starting background hosted service for {job}","job":"WebhookFiring","SourceContext":"Umbraco.Cms.Infrastructure.BackgroundJobs.RecurringBackgroundJobHostedServiceRunner","ProcessId":18732,"ProcessName":"iisexpress","ThreadId":1,"ApplicationId":"5a9a6c9ff9cf7988d6237fc87602cb69c19fc118","MachineName":"IG-UMH-DKT-0010","Log4NetLevel":"INFO "}
{"@t":"2025-03-02T15:35:57.4941751Z","@mt":"Starting background hosted service for {job}","job":"WebhookLoggingCleanup","SourceContext":"Umbraco.Cms.Infrastructure.BackgroundJobs.RecurringBackgroundJobHostedServiceRunner","ProcessId":18732,"ProcessName":"iisexpress","ThreadId":1,"ApplicationId":"5a9a6c9ff9cf7988d6237fc87602cb69c19fc118","MachineName":"IG-UMH-DKT-0010","Log4NetLevel":"INFO "}
{"@t":"2025-03-02T15:35:57.4949976Z","@mt":"Starting background hosted service for {job}","job":"ReportSiteJob","SourceContext":"Umbraco.Cms.Infrastructure.BackgroundJobs.RecurringBackgroundJobHostedServiceRunner","ProcessId":18732,"ProcessName":"iisexpress","ThreadId":1,"ApplicationId":"5a9a6c9ff9cf7988d6237fc87602cb69c19fc118","MachineName":"IG-UMH-DKT-0010","Log4NetLevel":"INFO "}
{"@t":"2025-03-02T15:35:57.4951151Z","@mt":"Completed starting recurring background jobs hosted services","SourceContext":"Umbraco.Cms.Infrastructure.BackgroundJobs.RecurringBackgroundJobHostedServiceRunner","ProcessId":18732,"ProcessName":"iisexpress","ThreadId":1,"ApplicationId":"5a9a6c9ff9cf7988d6237fc87602cb69c19fc118","MachineName":"IG-UMH-DKT-0010","Log4NetLevel":"INFO "}
{"@t":"2025-03-02T15:35:57.8383852Z","@mt":"Application started. Press Ctrl+C to shut down.","SourceContext":"Microsoft.Hosting.Lifetime","ProcessId":18732,"ProcessName":"iisexpress","ThreadId":1,"ApplicationId":"5a9a6c9ff9cf7988d6237fc87602cb69c19fc118","MachineName":"IG-UMH-DKT-0010","Log4NetLevel":"INFO "}
{"@t":"2025-03-02T15:35:57.8384572Z","@mt":"Hosting environment: {EnvName}","EnvName":"Development","SourceContext":"Microsoft.Hosting.Lifetime","ProcessId":18732,"ProcessName":"iisexpress","ThreadId":1,"ApplicationId":"5a9a6c9ff9cf7988d6237fc87602cb69c19fc118","MachineName":"IG-UMH-DKT-0010","Log4NetLevel":"INFO "}
{"@t":"2025-03-02T15:35:57.8384933Z","@mt":"Content root path: {ContentRoot}","ContentRoot":"C:\\Users\\Sivanesan.Subramunie\\Source\\Repos\\blueGrassDigital","SourceContext":"Microsoft.Hosting.Lifetime","ProcessId":18732,"ProcessName":"iisexpress","ThreadId":1,"ApplicationId":"5a9a6c9ff9cf7988d6237fc87602cb69c19fc118","MachineName":"IG-UMH-DKT-0010","Log4NetLevel":"INFO "}
{"@t":"2025-03-02T15:36:45.8518930Z","@mt":"The request URI matched a server endpoint: {Endpoint}.","@tr":"35abd0b54d5121bf88d255f9ea9a0953","@sp":"49a7fea4b1d97e59","Endpoint":"Token","SourceContext":"OpenIddict.Server.OpenIddictServerDispatcher","RequestId":"80000008-0001-f400-b63f-84710c7967bb","RequestPath":"/umbraco/management/api/v1/security/back-office/token","ProcessId":18732,"ProcessName":"iisexpress","ThreadId":37,"ApplicationId":"5a9a6c9ff9cf7988d6237fc87602cb69c19fc118","MachineName":"IG-UMH-DKT-0010","Log4NetLevel":"INFO ","HttpRequestId":"b57b1a31-5e6f-4df8-b3bc-6d4af39e7476","HttpRequestNumber":1,"HttpSessionId":"0"}
{"@t":"2025-03-02T15:36:45.8651117Z","@mt":"The token request was successfully extracted: {Request}.","@tr":"35abd0b54d5121bf88d255f9ea9a0953","@sp":"49a7fea4b1d97e59","Request":"{\r\n  \"grant_type\": \"refresh_token\",\r\n  \"client_id\": \"umbraco-back-office\",\r\n  \"redirect_uri\": \"https://localhost:44381/umbraco/oauth_complete\",\r\n  \"refresh_token\": \"[redacted]\"\r\n}","SourceContext":"OpenIddict.Server.OpenIddictServerDispatcher","RequestId":"80000008-0001-f400-b63f-84710c7967bb","RequestPath":"/umbraco/management/api/v1/security/back-office/token","ProcessId":18732,"ProcessName":"iisexpress","ThreadId":37,"ApplicationId":"5a9a6c9ff9cf7988d6237fc87602cb69c19fc118","MachineName":"IG-UMH-DKT-0010","Log4NetLevel":"INFO ","HttpRequestId":"b57b1a31-5e6f-4df8-b3bc-6d4af39e7476","HttpRequestNumber":1,"HttpSessionId":"0"}
{"@t":"2025-03-02T15:36:46.1242425Z","@mt":"The response was successfully returned as a JSON document: {Response}.","@tr":"35abd0b54d5121bf88d255f9ea9a0953","@sp":"49a7fea4b1d97e59","Response":"{\r\n  \"error\": \"invalid_grant\",\r\n  \"error_description\": \"The specified refresh token is no longer valid.\",\r\n  \"error_uri\": \"https://documentation.openiddict.com/errors/ID2018\"\r\n}","SourceContext":"OpenIddict.Server.OpenIddictServerDispatcher","RequestId":"80000008-0001-f400-b63f-84710c7967bb","RequestPath":"/umbraco/management/api/v1/security/back-office/token","ProcessId":18732,"ProcessName":"iisexpress","ThreadId":37,"ApplicationId":"5a9a6c9ff9cf7988d6237fc87602cb69c19fc118","MachineName":"IG-UMH-DKT-0010","Log4NetLevel":"INFO ","HttpRequestId":"b57b1a31-5e6f-4df8-b3bc-6d4af39e7476","HttpRequestNumber":1,"HttpSessionId":"0"}
{"@t":"2025-03-02T15:36:46.1484276Z","@mt":"The request URI matched a server endpoint: {Endpoint}.","@tr":"85a4819e43d3c0a87819c6e9cf207022","@sp":"12d4f6e75bb2d3a7","Endpoint":"Authorization","SourceContext":"OpenIddict.Server.OpenIddictServerDispatcher","RequestId":"8000000e-0000-f900-b63f-84710c7967bb","RequestPath":"/umbraco/management/api/v1/security/back-office/authorize","ProcessId":18732,"ProcessName":"iisexpress","ThreadId":37,"ApplicationId":"5a9a6c9ff9cf7988d6237fc87602cb69c19fc118","MachineName":"IG-UMH-DKT-0010","Log4NetLevel":"INFO ","HttpRequestId":"eccc9ddd-067c-48ae-892d-bd1e6e2c558b","HttpRequestNumber":2,"HttpSessionId":"0"}
{"@t":"2025-03-02T15:36:46.1542456Z","@mt":"The authorization request was successfully extracted: {Request}.","@tr":"85a4819e43d3c0a87819c6e9cf207022","@sp":"12d4f6e75bb2d3a7","Request":"{\r\n  \"redirect_uri\": \"https://localhost:44381/umbraco/oauth_complete\",\r\n  \"client_id\": \"umbraco-back-office\",\r\n  \"response_type\": \"code\",\r\n  \"state\": \"u54rlvoaDd\",\r\n  \"scope\": \"offline_access\",\r\n  \"prompt\": \"consent\",\r\n  \"access_type\": \"offline\",\r\n  \"code_challenge\": \"m693mRjeVUEiol5f_az1jDnB1GKZI2DNJW3pQ8rBkzE\",\r\n  \"code_challenge_method\": \"S256\"\r\n}","SourceContext":"OpenIddict.Server.OpenIddictServerDispatcher","RequestId":"8000000e-0000-f900-b63f-84710c7967bb","RequestPath":"/umbraco/management/api/v1/security/back-office/authorize","ProcessId":18732,"ProcessName":"iisexpress","ThreadId":37,"ApplicationId":"5a9a6c9ff9cf7988d6237fc87602cb69c19fc118","MachineName":"IG-UMH-DKT-0010","Log4NetLevel":"INFO ","HttpRequestId":"eccc9ddd-067c-48ae-892d-bd1e6e2c558b","HttpRequestNumber":2,"HttpSessionId":"0"}
{"@t":"2025-03-02T15:36:46.1867144Z","@mt":"The authorization request was successfully validated.","@tr":"85a4819e43d3c0a87819c6e9cf207022","@sp":"12d4f6e75bb2d3a7","SourceContext":"OpenIddict.Server.OpenIddictServerDispatcher","RequestId":"8000000e-0000-f900-b63f-84710c7967bb","RequestPath":"/umbraco/management/api/v1/security/back-office/authorize","ProcessId":18732,"ProcessName":"iisexpress","ThreadId":37,"ApplicationId":"5a9a6c9ff9cf7988d6237fc87602cb69c19fc118","MachineName":"IG-UMH-DKT-0010","Log4NetLevel":"INFO ","HttpRequestId":"eccc9ddd-067c-48ae-892d-bd1e6e2c558b","HttpRequestNumber":2,"HttpSessionId":"0"}
{"@t":"2025-03-02T15:36:48.4907058Z","@mt":"Revoking active tokens for user with ID {id}","@tr":"69d6c15f2d78acd4024e2e8b552c64b2","@sp":"92cc9e1e013fa0fa","id":-1,"SourceContext":"Umbraco.Cms.Api.Management.Handlers.RevokeUserAuthenticationTokensNotificationHandler","ActionId":"046d6476-dc66-4104-af33-35e6de3e3315","ActionName":"Umbraco.Cms.Api.Management.Controllers.Security.BackOfficeController.Login (Umbraco.Cms.Api.Management)","RequestId":"80000004-0005-e100-b63f-84710c7967bb","RequestPath":"/umbraco/management/api/v1/security/back-office/login","ProcessId":18732,"ProcessName":"iisexpress","ThreadId":40,"ApplicationId":"5a9a6c9ff9cf7988d6237fc87602cb69c19fc118","MachineName":"IG-UMH-DKT-0010","Log4NetLevel":"INFO ","HttpRequestId":"bbed365f-a1db-4ad9-9c71-3767c2703249","HttpRequestNumber":3,"HttpSessionId":"87f7098a-7e4f-9791-6b76-e9a26ca09814"}
{"@t":"2025-03-02T15:36:48.6617762Z","@mt":"The request URI matched a server endpoint: {Endpoint}.","@tr":"0e60b9f328e395e2667403a8860967e9","@sp":"0ecdb33a18e78e66","Endpoint":"Authorization","SourceContext":"OpenIddict.Server.OpenIddictServerDispatcher","RequestId":"80000007-0007-fd00-b63f-84710c7967bb","RequestPath":"/umbraco/management/api/v1/security/back-office/authorize","ProcessId":18732,"ProcessName":"iisexpress","ThreadId":40,"ApplicationId":"5a9a6c9ff9cf7988d6237fc87602cb69c19fc118","MachineName":"IG-UMH-DKT-0010","Log4NetLevel":"INFO ","HttpRequestId":"e739a551-5915-417f-ac2e-4a92201da460","HttpRequestNumber":4,"HttpSessionId":"0"}
{"@t":"2025-03-02T15:36:48.6629086Z","@mt":"The authorization request was successfully extracted: {Request}.","@tr":"0e60b9f328e395e2667403a8860967e9","@sp":"0ecdb33a18e78e66","Request":"{\r\n  \"redirect_uri\": \"https://localhost:44381/umbraco/oauth_complete\",\r\n  \"client_id\": \"umbraco-back-office\",\r\n  \"response_type\": \"code\",\r\n  \"state\": \"u54rlvoaDd\",\r\n  \"scope\": \"offline_access\",\r\n  \"prompt\": \"consent\",\r\n  \"access_type\": \"offline\",\r\n  \"code_challenge\": \"m693mRjeVUEiol5f_az1jDnB1GKZI2DNJW3pQ8rBkzE\",\r\n  \"code_challenge_method\": \"S256\"\r\n}","SourceContext":"OpenIddict.Server.OpenIddictServerDispatcher","RequestId":"80000007-0007-fd00-b63f-84710c7967bb","RequestPath":"/umbraco/management/api/v1/security/back-office/authorize","ProcessId":18732,"ProcessName":"iisexpress","ThreadId":40,"ApplicationId":"5a9a6c9ff9cf7988d6237fc87602cb69c19fc118","MachineName":"IG-UMH-DKT-0010","Log4NetLevel":"INFO ","HttpRequestId":"e739a551-5915-417f-ac2e-4a92201da460","HttpRequestNumber":4,"HttpSessionId":"0"}
{"@t":"2025-03-02T15:36:48.6755815Z","@mt":"The authorization request was successfully validated.","@tr":"0e60b9f328e395e2667403a8860967e9","@sp":"0ecdb33a18e78e66","SourceContext":"OpenIddict.Server.OpenIddictServerDispatcher","RequestId":"80000007-0007-fd00-b63f-84710c7967bb","RequestPath":"/umbraco/management/api/v1/security/back-office/authorize","ProcessId":18732,"ProcessName":"iisexpress","ThreadId":40,"ApplicationId":"5a9a6c9ff9cf7988d6237fc87602cb69c19fc118","MachineName":"IG-UMH-DKT-0010","Log4NetLevel":"INFO ","HttpRequestId":"e739a551-5915-417f-ac2e-4a92201da460","HttpRequestNumber":4,"HttpSessionId":"0"}
{"@t":"2025-03-02T15:36:48.7762325Z","@mt":"An ad hoc authorization was automatically created and associated with the '{ClientId}' application: {Identifier}.","@tr":"0e60b9f328e395e2667403a8860967e9","@sp":"0ecdb33a18e78e66","ClientId":"umbraco-back-office","Identifier":"f07d6bbf-f9c6-4ebb-ac41-e5a105d9bfa1","SourceContext":"OpenIddict.Server.OpenIddictServerDispatcher","ActionId":"6381248f-9697-4641-9c7d-1144c964bfea","ActionName":"Umbraco.Cms.Api.Management.Controllers.Security.BackOfficeController.Authorize (Umbraco.Cms.Api.Management)","RequestId":"80000007-0007-fd00-b63f-84710c7967bb","RequestPath":"/umbraco/management/api/v1/security/back-office/authorize","ProcessId":18732,"ProcessName":"iisexpress","ThreadId":40,"ApplicationId":"5a9a6c9ff9cf7988d6237fc87602cb69c19fc118","MachineName":"IG-UMH-DKT-0010","Log4NetLevel":"INFO ","HttpRequestId":"e739a551-5915-417f-ac2e-4a92201da460","HttpRequestNumber":4,"HttpSessionId":"ea4f0477-6e4b-b3bd-a0e5-1689cb4c3cf7"}
{"@t":"2025-03-02T15:36:48.8521310Z","@mt":"The authorization response was successfully returned to '{RedirectUri}' using the query response mode: {Response}.","@tr":"0e60b9f328e395e2667403a8860967e9","@sp":"0ecdb33a18e78e66","RedirectUri":"https://localhost:44381/umbraco/oauth_complete","Response":"{\r\n  \"code\": \"[redacted]\",\r\n  \"state\": \"u54rlvoaDd\",\r\n  \"iss\": \"https://localhost:44381/\"\r\n}","SourceContext":"OpenIddict.Server.OpenIddictServerDispatcher","ActionId":"6381248f-9697-4641-9c7d-1144c964bfea","ActionName":"Umbraco.Cms.Api.Management.Controllers.Security.BackOfficeController.Authorize (Umbraco.Cms.Api.Management)","RequestId":"80000007-0007-fd00-b63f-84710c7967bb","RequestPath":"/umbraco/management/api/v1/security/back-office/authorize","ProcessId":18732,"ProcessName":"iisexpress","ThreadId":40,"ApplicationId":"5a9a6c9ff9cf7988d6237fc87602cb69c19fc118","MachineName":"IG-UMH-DKT-0010","Log4NetLevel":"INFO ","HttpRequestId":"e739a551-5915-417f-ac2e-4a92201da460","HttpRequestNumber":4,"HttpSessionId":"ea4f0477-6e4b-b3bd-a0e5-1689cb4c3cf7"}
{"@t":"2025-03-02T15:36:49.6782229Z","@mt":"The request URI matched a server endpoint: {Endpoint}.","@tr":"1a76983346e1a9db2378f908bb376ea0","@sp":"8697119d742d0e34","Endpoint":"Token","SourceContext":"OpenIddict.Server.OpenIddictServerDispatcher","RequestId":"8000000c-0002-fa00-b63f-84710c7967bb","RequestPath":"/umbraco/management/api/v1/security/back-office/token","ProcessId":18732,"ProcessName":"iisexpress","ThreadId":42,"ApplicationId":"5a9a6c9ff9cf7988d6237fc87602cb69c19fc118","MachineName":"IG-UMH-DKT-0010","Log4NetLevel":"INFO ","HttpRequestId":"8866a96a-cba7-4423-b5fd-ee809087b378","HttpRequestNumber":5,"HttpSessionId":"0"}
{"@t":"2025-03-02T15:36:49.6787894Z","@mt":"The token request was successfully extracted: {Request}.","@tr":"1a76983346e1a9db2378f908bb376ea0","@sp":"8697119d742d0e34","Request":"{\r\n  \"grant_type\": \"authorization_code\",\r\n  \"client_id\": \"umbraco-back-office\",\r\n  \"redirect_uri\": \"https://localhost:44381/umbraco/oauth_complete\",\r\n  \"code\": \"[redacted]\",\r\n  \"code_verifier\": \"0a39Qb4tTS9AOFzFCb23Bjfd51dz6kp7NdgAlIPCz6TC50MJKjRNC4E3pkwyW3mCjsqb7HssvSzUr0t3QvpRrPD2KjMSjY6s65IonSRifHCe7cTbYKb3AaS49HPxyB8F\"\r\n}","SourceContext":"OpenIddict.Server.OpenIddictServerDispatcher","RequestId":"8000000c-0002-fa00-b63f-84710c7967bb","RequestPath":"/umbraco/management/api/v1/security/back-office/token","ProcessId":18732,"ProcessName":"iisexpress","ThreadId":42,"ApplicationId":"5a9a6c9ff9cf7988d6237fc87602cb69c19fc118","MachineName":"IG-UMH-DKT-0010","Log4NetLevel":"INFO ","HttpRequestId":"8866a96a-cba7-4423-b5fd-ee809087b378","HttpRequestNumber":5,"HttpSessionId":"0"}
{"@t":"2025-03-02T15:36:49.7156555Z","@mt":"The token request was successfully validated.","@tr":"1a76983346e1a9db2378f908bb376ea0","@sp":"8697119d742d0e34","SourceContext":"OpenIddict.Server.OpenIddictServerDispatcher","RequestId":"8000000c-0002-fa00-b63f-84710c7967bb","RequestPath":"/umbraco/management/api/v1/security/back-office/token","ProcessId":18732,"ProcessName":"iisexpress","ThreadId":42,"ApplicationId":"5a9a6c9ff9cf7988d6237fc87602cb69c19fc118","MachineName":"IG-UMH-DKT-0010","Log4NetLevel":"INFO ","HttpRequestId":"8866a96a-cba7-4423-b5fd-ee809087b378","HttpRequestNumber":5,"HttpSessionId":"0"}
{"@t":"2025-03-02T15:36:49.7375227Z","@mt":"The token '{Identifier}' was successfully marked as redeemed.","@tr":"1a76983346e1a9db2378f908bb376ea0","@sp":"8697119d742d0e34","Identifier":"a894e7ae-f649-4321-b3cc-f6252202be4a","SourceContext":"OpenIddict.Core.OpenIddictTokenManager","ActionId":"382510b4-6c69-49bb-8207-99bbead1e68c","ActionName":"Umbraco.Cms.Api.Management.Controllers.Security.BackOfficeController.Token (Umbraco.Cms.Api.Management)","RequestId":"8000000c-0002-fa00-b63f-84710c7967bb","RequestPath":"/umbraco/management/api/v1/security/back-office/token","ProcessId":18732,"ProcessName":"iisexpress","ThreadId":42,"ApplicationId":"5a9a6c9ff9cf7988d6237fc87602cb69c19fc118","MachineName":"IG-UMH-DKT-0010","Log4NetLevel":"INFO ","HttpRequestId":"8866a96a-cba7-4423-b5fd-ee809087b378","HttpRequestNumber":5,"HttpSessionId":"a8241019-dab2-6a28-6397-daa23450fc8f"}
{"@t":"2025-03-02T15:36:49.7802157Z","@mt":"The response was successfully returned as a JSON document: {Response}.","@tr":"1a76983346e1a9db2378f908bb376ea0","@sp":"8697119d742d0e34","Response":"{\r\n  \"access_token\": \"[redacted]\",\r\n  \"token_type\": \"Bearer\",\r\n  \"expires_in\": 299,\r\n  \"scope\": \"offline_access\",\r\n  \"refresh_token\": \"[redacted]\"\r\n}","SourceContext":"OpenIddict.Server.OpenIddictServerDispatcher","ActionId":"382510b4-6c69-49bb-8207-99bbead1e68c","ActionName":"Umbraco.Cms.Api.Management.Controllers.Security.BackOfficeController.Token (Umbraco.Cms.Api.Management)","RequestId":"8000000c-0002-fa00-b63f-84710c7967bb","RequestPath":"/umbraco/management/api/v1/security/back-office/token","ProcessId":18732,"ProcessName":"iisexpress","ThreadId":42,"ApplicationId":"5a9a6c9ff9cf7988d6237fc87602cb69c19fc118","MachineName":"IG-UMH-DKT-0010","Log4NetLevel":"INFO ","HttpRequestId":"8866a96a-cba7-4423-b5fd-ee809087b378","HttpRequestNumber":5,"HttpSessionId":"a8241019-dab2-6a28-6397-daa23450fc8f"}
{"@t":"2025-03-02T15:36:49.7951055Z","@mt":"The request URI matched a server endpoint: {Endpoint}.","@tr":"678efe80a296d7eb671e13a524db980c","@sp":"e08ce45808461ff0","Endpoint":"Token","SourceContext":"OpenIddict.Server.OpenIddictServerDispatcher","RequestId":"8000000c-0000-fa00-b63f-84710c7967bb","RequestPath":"/umbraco/management/api/v1/security/back-office/token","ProcessId":18732,"ProcessName":"iisexpress","ThreadId":42,"ApplicationId":"5a9a6c9ff9cf7988d6237fc87602cb69c19fc118","MachineName":"IG-UMH-DKT-0010","Log4NetLevel":"INFO ","HttpRequestId":"19866d93-d221-4822-9e68-c8904edfc687","HttpRequestNumber":6,"HttpSessionId":"0"}
{"@t":"2025-03-02T15:36:49.7959844Z","@mt":"The token request was successfully extracted: {Request}.","@tr":"678efe80a296d7eb671e13a524db980c","@sp":"e08ce45808461ff0","Request":"{\r\n  \"grant_type\": \"refresh_token\",\r\n  \"client_id\": \"umbraco-back-office\",\r\n  \"redirect_uri\": \"https://localhost:44381/umbraco/oauth_complete\",\r\n  \"refresh_token\": \"[redacted]\"\r\n}","SourceContext":"OpenIddict.Server.OpenIddictServerDispatcher","RequestId":"8000000c-0000-fa00-b63f-84710c7967bb","RequestPath":"/umbraco/management/api/v1/security/back-office/token","ProcessId":18732,"ProcessName":"iisexpress","ThreadId":42,"ApplicationId":"5a9a6c9ff9cf7988d6237fc87602cb69c19fc118","MachineName":"IG-UMH-DKT-0010","Log4NetLevel":"INFO ","HttpRequestId":"19866d93-d221-4822-9e68-c8904edfc687","HttpRequestNumber":6,"HttpSessionId":"0"}
{"@t":"2025-03-02T15:36:49.8066761Z","@mt":"The token request was successfully validated.","@tr":"678efe80a296d7eb671e13a524db980c","@sp":"e08ce45808461ff0","SourceContext":"OpenIddict.Server.OpenIddictServerDispatcher","RequestId":"8000000c-0000-fa00-b63f-84710c7967bb","RequestPath":"/umbraco/management/api/v1/security/back-office/token","ProcessId":18732,"ProcessName":"iisexpress","ThreadId":42,"ApplicationId":"5a9a6c9ff9cf7988d6237fc87602cb69c19fc118","MachineName":"IG-UMH-DKT-0010","Log4NetLevel":"INFO ","HttpRequestId":"19866d93-d221-4822-9e68-c8904edfc687","HttpRequestNumber":6,"HttpSessionId":"0"}
{"@t":"2025-03-02T15:36:49.8150957Z","@mt":"The token '{Identifier}' was successfully marked as redeemed.","@tr":"678efe80a296d7eb671e13a524db980c","@sp":"e08ce45808461ff0","Identifier":"89473986-c5b0-4112-829f-dc4dbb63daaa","SourceContext":"OpenIddict.Core.OpenIddictTokenManager","ActionId":"382510b4-6c69-49bb-8207-99bbead1e68c","ActionName":"Umbraco.Cms.Api.Management.Controllers.Security.BackOfficeController.Token (Umbraco.Cms.Api.Management)","RequestId":"8000000c-0000-fa00-b63f-84710c7967bb","RequestPath":"/umbraco/management/api/v1/security/back-office/token","ProcessId":18732,"ProcessName":"iisexpress","ThreadId":42,"ApplicationId":"5a9a6c9ff9cf7988d6237fc87602cb69c19fc118","MachineName":"IG-UMH-DKT-0010","Log4NetLevel":"INFO ","HttpRequestId":"19866d93-d221-4822-9e68-c8904edfc687","HttpRequestNumber":6,"HttpSessionId":"5b61c0e9-2b3d-92ba-f311-352d12e80cd0"}
{"@t":"2025-03-02T15:36:49.8433242Z","@mt":"The response was successfully returned as a JSON document: {Response}.","@tr":"678efe80a296d7eb671e13a524db980c","@sp":"e08ce45808461ff0","Response":"{\r\n  \"access_token\": \"[redacted]\",\r\n  \"token_type\": \"Bearer\",\r\n  \"expires_in\": 299,\r\n  \"scope\": \"offline_access\",\r\n  \"refresh_token\": \"[redacted]\"\r\n}","SourceContext":"OpenIddict.Server.OpenIddictServerDispatcher","ActionId":"382510b4-6c69-49bb-8207-99bbead1e68c","ActionName":"Umbraco.Cms.Api.Management.Controllers.Security.BackOfficeController.Token (Umbraco.Cms.Api.Management)","RequestId":"8000000c-0000-fa00-b63f-84710c7967bb","RequestPath":"/umbraco/management/api/v1/security/back-office/token","ProcessId":18732,"ProcessName":"iisexpress","ThreadId":42,"ApplicationId":"5a9a6c9ff9cf7988d6237fc87602cb69c19fc118","MachineName":"IG-UMH-DKT-0010","Log4NetLevel":"INFO ","HttpRequestId":"19866d93-d221-4822-9e68-c8904edfc687","HttpRequestNumber":6,"HttpSessionId":"5b61c0e9-2b3d-92ba-f311-352d12e80cd0"}
{"@t":"2025-03-02T15:36:58.6127811Z","@mt":"The Delivery API is not enabled, no indexing will performed for the Delivery API content index.","SourceContext":"Umbraco.Cms.Infrastructure.Examine.DeliveryApiContentIndexPopulator","ProcessId":18732,"ProcessName":"iisexpress","ThreadId":9,"ApplicationId":"5a9a6c9ff9cf7988d6237fc87602cb69c19fc118","MachineName":"IG-UMH-DKT-0010","Log4NetLevel":"INFO "}
{"@t":"2025-03-02T15:41:16.4059624Z","@mt":"Adding examine event handlers for {RegisteredIndexers} index providers.","@tr":"2b59d0a79378d3ac8b2457300a31befa","@sp":"620d255fb1d962b6","RegisteredIndexers":3,"SourceContext":"Umbraco.Cms.Infrastructure.Examine.ExamineUmbracoIndexingHandler","ActionId":"45ace76f-c020-461a-9e59-d16230d7486c","ActionName":"Umbraco.Cms.Api.Management.Controllers.DocumentType.UpdateDocumentTypeController.Update (Umbraco.Cms.Api.Management)","RequestId":"8000001e-0000-f900-b63f-84710c7967bb","RequestPath":"/umbraco/management/api/v1/document-type/25fe9a98-dcd6-4714-a8e3-703cbe690938","ProcessId":18732,"ProcessName":"iisexpress","ThreadId":5,"ApplicationId":"5a9a6c9ff9cf7988d6237fc87602cb69c19fc118","MachineName":"IG-UMH-DKT-0010","Log4NetLevel":"INFO ","HttpRequestId":"a09020f4-92c4-44c1-b233-bbcdd19e84f3","HttpRequestNumber":7,"HttpSessionId":"27e8a2b5-5165-4818-03a0-39020b10c253"}
{"@t":"2025-03-02T15:42:41.9255943Z","@mt":"The request URI matched a server endpoint: {Endpoint}.","@tr":"c4c3ecdaa8e229649d6957f6245b6cfd","@sp":"5568111279226ff5","Endpoint":"Token","SourceContext":"OpenIddict.Server.OpenIddictServerDispatcher","RequestId":"80000014-0006-f500-b63f-84710c7967bb","RequestPath":"/umbraco/management/api/v1/security/back-office/token","ProcessId":18732,"ProcessName":"iisexpress","ThreadId":22,"ApplicationId":"5a9a6c9ff9cf7988d6237fc87602cb69c19fc118","MachineName":"IG-UMH-DKT-0010","Log4NetLevel":"INFO ","HttpRequestId":"955f5c36-970b-48da-b561-33427be2fb26","HttpRequestNumber":8,"HttpSessionId":"0"}
{"@t":"2025-03-02T15:42:41.9259057Z","@mt":"The token request was successfully extracted: {Request}.","@tr":"c4c3ecdaa8e229649d6957f6245b6cfd","@sp":"5568111279226ff5","Request":"{\r\n  \"grant_type\": \"refresh_token\",\r\n  \"client_id\": \"umbraco-back-office\",\r\n  \"redirect_uri\": \"https://localhost:44381/umbraco/oauth_complete\",\r\n  \"refresh_token\": \"[redacted]\"\r\n}","SourceContext":"OpenIddict.Server.OpenIddictServerDispatcher","RequestId":"80000014-0006-f500-b63f-84710c7967bb","RequestPath":"/umbraco/management/api/v1/security/back-office/token","ProcessId":18732,"ProcessName":"iisexpress","ThreadId":22,"ApplicationId":"5a9a6c9ff9cf7988d6237fc87602cb69c19fc118","MachineName":"IG-UMH-DKT-0010","Log4NetLevel":"INFO ","HttpRequestId":"955f5c36-970b-48da-b561-33427be2fb26","HttpRequestNumber":8,"HttpSessionId":"0"}
{"@t":"2025-03-02T15:42:41.9317714Z","@mt":"The token request was successfully validated.","@tr":"c4c3ecdaa8e229649d6957f6245b6cfd","@sp":"5568111279226ff5","SourceContext":"OpenIddict.Server.OpenIddictServerDispatcher","RequestId":"80000014-0006-f500-b63f-84710c7967bb","RequestPath":"/umbraco/management/api/v1/security/back-office/token","ProcessId":18732,"ProcessName":"iisexpress","ThreadId":22,"ApplicationId":"5a9a6c9ff9cf7988d6237fc87602cb69c19fc118","MachineName":"IG-UMH-DKT-0010","Log4NetLevel":"INFO ","HttpRequestId":"955f5c36-970b-48da-b561-33427be2fb26","HttpRequestNumber":8,"HttpSessionId":"0"}
{"@t":"2025-03-02T15:42:41.9421159Z","@mt":"The token '{Identifier}' was successfully marked as redeemed.","@tr":"c4c3ecdaa8e229649d6957f6245b6cfd","@sp":"5568111279226ff5","Identifier":"b44e56db-8b0b-42da-bc3e-367a2123b98a","SourceContext":"OpenIddict.Core.OpenIddictTokenManager","ActionId":"382510b4-6c69-49bb-8207-99bbead1e68c","ActionName":"Umbraco.Cms.Api.Management.Controllers.Security.BackOfficeController.Token (Umbraco.Cms.Api.Management)","RequestId":"80000014-0006-f500-b63f-84710c7967bb","RequestPath":"/umbraco/management/api/v1/security/back-office/token","ProcessId":18732,"ProcessName":"iisexpress","ThreadId":22,"ApplicationId":"5a9a6c9ff9cf7988d6237fc87602cb69c19fc118","MachineName":"IG-UMH-DKT-0010","Log4NetLevel":"INFO ","HttpRequestId":"955f5c36-970b-48da-b561-33427be2fb26","HttpRequestNumber":8,"HttpSessionId":"b0b21731-6fde-a684-9554-d515b5ce4bb9"}
{"@t":"2025-03-02T15:42:41.9734221Z","@mt":"The response was successfully returned as a JSON document: {Response}.","@tr":"c4c3ecdaa8e229649d6957f6245b6cfd","@sp":"5568111279226ff5","Response":"{\r\n  \"access_token\": \"[redacted]\",\r\n  \"token_type\": \"Bearer\",\r\n  \"expires_in\": 299,\r\n  \"scope\": \"offline_access\",\r\n  \"refresh_token\": \"[redacted]\"\r\n}","SourceContext":"OpenIddict.Server.OpenIddictServerDispatcher","ActionId":"382510b4-6c69-49bb-8207-99bbead1e68c","ActionName":"Umbraco.Cms.Api.Management.Controllers.Security.BackOfficeController.Token (Umbraco.Cms.Api.Management)","RequestId":"80000014-0006-f500-b63f-84710c7967bb","RequestPath":"/umbraco/management/api/v1/security/back-office/token","ProcessId":18732,"ProcessName":"iisexpress","ThreadId":22,"ApplicationId":"5a9a6c9ff9cf7988d6237fc87602cb69c19fc118","MachineName":"IG-UMH-DKT-0010","Log4NetLevel":"INFO ","HttpRequestId":"955f5c36-970b-48da-b561-33427be2fb26","HttpRequestNumber":8,"HttpSessionId":"b0b21731-6fde-a684-9554-d515b5ce4bb9"}
{"@t":"2025-03-02T15:42:43.4798802Z","@mt":"Document {ContentName} (id={ContentId}) has been published.","@tr":"256a37b03c5ae18e62d57aeb7bdcbef0","@sp":"425676cc22ef7ee3","ContentName":"Site","ContentId":1065,"SourceContext":"Umbraco.Cms.Core.Services.ContentService","ActionId":"b63feb89-5416-421b-b1cd-f32f06e32e38","ActionName":"Umbraco.Cms.Api.Management.Controllers.Document.PublishDocumentController.Publish (Umbraco.Cms.Api.Management)","RequestId":"8000001a-0006-f500-b63f-84710c7967bb","RequestPath":"/umbraco/management/api/v1/document/93fff2a1-fe59-4ac7-a5e8-63638328c8ce/publish","ProcessId":18732,"ProcessName":"iisexpress","ThreadId":22,"ApplicationId":"5a9a6c9ff9cf7988d6237fc87602cb69c19fc118","MachineName":"IG-UMH-DKT-0010","Log4NetLevel":"INFO ","HttpRequestId":"4d5771c5-6eed-486a-90dd-247d4615ace8","HttpRequestNumber":9,"HttpSessionId":"7e1e757a-cc8b-b409-4e84-d5329b49e862"}
{"@t":"2025-03-02T15:46:43.3137035Z","@mt":"Acquiring MainDom.","SourceContext":"Umbraco.Cms.Core.Runtime.MainDom","ProcessId":18300,"ProcessName":"iisexpress","ThreadId":1,"ApplicationId":"5a9a6c9ff9cf7988d6237fc87602cb69c19fc118","MachineName":"IG-UMH-DKT-0010","Log4NetLevel":"INFO "}
{"@t":"2025-03-02T15:46:43.3319879Z","@mt":"Acquired MainDom.","SourceContext":"Umbraco.Cms.Core.Runtime.MainDom","ProcessId":18300,"ProcessName":"iisexpress","ThreadId":1,"ApplicationId":"5a9a6c9ff9cf7988d6237fc87602cb69c19fc118","MachineName":"IG-UMH-DKT-0010","Log4NetLevel":"INFO "}
{"@t":"2025-03-02T15:46:44.9056984Z","@mt":"Starting recurring background jobs hosted services","SourceContext":"Umbraco.Cms.Infrastructure.BackgroundJobs.RecurringBackgroundJobHostedServiceRunner","ProcessId":18300,"ProcessName":"iisexpress","ThreadId":1,"ApplicationId":"5a9a6c9ff9cf7988d6237fc87602cb69c19fc118","MachineName":"IG-UMH-DKT-0010","Log4NetLevel":"INFO "}
{"@t":"2025-03-02T15:46:44.9076786Z","@mt":"Starting background hosted service for {job}","job":"OpenIddictCleanupJob","SourceContext":"Umbraco.Cms.Infrastructure.BackgroundJobs.RecurringBackgroundJobHostedServiceRunner","ProcessId":18300,"ProcessName":"iisexpress","ThreadId":1,"ApplicationId":"5a9a6c9ff9cf7988d6237fc87602cb69c19fc118","MachineName":"IG-UMH-DKT-0010","Log4NetLevel":"INFO "}
{"@t":"2025-03-02T15:46:44.9122818Z","@mt":"Starting background hosted service for {job}","job":"HealthCheckNotifierJob","SourceContext":"Umbraco.Cms.Infrastructure.BackgroundJobs.RecurringBackgroundJobHostedServiceRunner","ProcessId":18300,"ProcessName":"iisexpress","ThreadId":1,"ApplicationId":"5a9a6c9ff9cf7988d6237fc87602cb69c19fc118","MachineName":"IG-UMH-DKT-0010","Log4NetLevel":"INFO "}
{"@t":"2025-03-02T15:46:44.9132303Z","@mt":"Starting background hosted service for {job}","job":"LogScrubberJob","SourceContext":"Umbraco.Cms.Infrastructure.BackgroundJobs.RecurringBackgroundJobHostedServiceRunner","ProcessId":18300,"ProcessName":"iisexpress","ThreadId":1,"ApplicationId":"5a9a6c9ff9cf7988d6237fc87602cb69c19fc118","MachineName":"IG-UMH-DKT-0010","Log4NetLevel":"INFO "}
{"@t":"2025-03-02T15:46:44.9139839Z","@mt":"Starting background hosted service for {job}","job":"ContentVersionCleanupJob","SourceContext":"Umbraco.Cms.Infrastructure.BackgroundJobs.RecurringBackgroundJobHostedServiceRunner","ProcessId":18300,"ProcessName":"iisexpress","ThreadId":1,"ApplicationId":"5a9a6c9ff9cf7988d6237fc87602cb69c19fc118","MachineName":"IG-UMH-DKT-0010","Log4NetLevel":"INFO "}
{"@t":"2025-03-02T15:46:44.9148483Z","@mt":"Starting background hosted service for {job}","job":"ScheduledPublishingJob","SourceContext":"Umbraco.Cms.Infrastructure.BackgroundJobs.RecurringBackgroundJobHostedServiceRunner","ProcessId":18300,"ProcessName":"iisexpress","ThreadId":1,"ApplicationId":"5a9a6c9ff9cf7988d6237fc87602cb69c19fc118","MachineName":"IG-UMH-DKT-0010","Log4NetLevel":"INFO "}
{"@t":"2025-03-02T15:46:44.9158948Z","@mt":"Starting background hosted service for {job}","job":"TempFileCleanupJob","SourceContext":"Umbraco.Cms.Infrastructure.BackgroundJobs.RecurringBackgroundJobHostedServiceRunner","ProcessId":18300,"ProcessName":"iisexpress","ThreadId":1,"ApplicationId":"5a9a6c9ff9cf7988d6237fc87602cb69c19fc118","MachineName":"IG-UMH-DKT-0010","Log4NetLevel":"INFO "}
{"@t":"2025-03-02T15:46:44.9170407Z","@mt":"Starting background hosted service for {job}","job":"TemporaryFileCleanupJob","SourceContext":"Umbraco.Cms.Infrastructure.BackgroundJobs.RecurringBackgroundJobHostedServiceRunner","ProcessId":18300,"ProcessName":"iisexpress","ThreadId":1,"ApplicationId":"5a9a6c9ff9cf7988d6237fc87602cb69c19fc118","MachineName":"IG-UMH-DKT-0010","Log4NetLevel":"INFO "}
{"@t":"2025-03-02T15:46:44.9178980Z","@mt":"Starting background hosted service for {job}","job":"InstructionProcessJob","SourceContext":"Umbraco.Cms.Infrastructure.BackgroundJobs.RecurringBackgroundJobHostedServiceRunner","ProcessId":18300,"ProcessName":"iisexpress","ThreadId":1,"ApplicationId":"5a9a6c9ff9cf7988d6237fc87602cb69c19fc118","MachineName":"IG-UMH-DKT-0010","Log4NetLevel":"INFO "}
{"@t":"2025-03-02T15:46:44.9187675Z","@mt":"Starting background hosted service for {job}","job":"TouchServerJob","SourceContext":"Umbraco.Cms.Infrastructure.BackgroundJobs.RecurringBackgroundJobHostedServiceRunner","ProcessId":18300,"ProcessName":"iisexpress","ThreadId":1,"ApplicationId":"5a9a6c9ff9cf7988d6237fc87602cb69c19fc118","MachineName":"IG-UMH-DKT-0010","Log4NetLevel":"INFO "}
{"@t":"2025-03-02T15:46:44.9195138Z","@mt":"Starting background hosted service for {job}","job":"WebhookFiring","SourceContext":"Umbraco.Cms.Infrastructure.BackgroundJobs.RecurringBackgroundJobHostedServiceRunner","ProcessId":18300,"ProcessName":"iisexpress","ThreadId":1,"ApplicationId":"5a9a6c9ff9cf7988d6237fc87602cb69c19fc118","MachineName":"IG-UMH-DKT-0010","Log4NetLevel":"INFO "}
{"@t":"2025-03-02T15:46:44.9203405Z","@mt":"Starting background hosted service for {job}","job":"WebhookLoggingCleanup","SourceContext":"Umbraco.Cms.Infrastructure.BackgroundJobs.RecurringBackgroundJobHostedServiceRunner","ProcessId":18300,"ProcessName":"iisexpress","ThreadId":1,"ApplicationId":"5a9a6c9ff9cf7988d6237fc87602cb69c19fc118","MachineName":"IG-UMH-DKT-0010","Log4NetLevel":"INFO "}
{"@t":"2025-03-02T15:46:44.9210557Z","@mt":"Starting background hosted service for {job}","job":"ReportSiteJob","SourceContext":"Umbraco.Cms.Infrastructure.BackgroundJobs.RecurringBackgroundJobHostedServiceRunner","ProcessId":18300,"ProcessName":"iisexpress","ThreadId":1,"ApplicationId":"5a9a6c9ff9cf7988d6237fc87602cb69c19fc118","MachineName":"IG-UMH-DKT-0010","Log4NetLevel":"INFO "}
{"@t":"2025-03-02T15:46:44.9211596Z","@mt":"Completed starting recurring background jobs hosted services","SourceContext":"Umbraco.Cms.Infrastructure.BackgroundJobs.RecurringBackgroundJobHostedServiceRunner","ProcessId":18300,"ProcessName":"iisexpress","ThreadId":1,"ApplicationId":"5a9a6c9ff9cf7988d6237fc87602cb69c19fc118","MachineName":"IG-UMH-DKT-0010","Log4NetLevel":"INFO "}
{"@t":"2025-03-02T15:46:45.2223048Z","@mt":"Application started. Press Ctrl+C to shut down.","SourceContext":"Microsoft.Hosting.Lifetime","ProcessId":18300,"ProcessName":"iisexpress","ThreadId":1,"ApplicationId":"5a9a6c9ff9cf7988d6237fc87602cb69c19fc118","MachineName":"IG-UMH-DKT-0010","Log4NetLevel":"INFO "}
{"@t":"2025-03-02T15:46:45.2224775Z","@mt":"Hosting environment: {EnvName}","EnvName":"Development","SourceContext":"Microsoft.Hosting.Lifetime","ProcessId":18300,"ProcessName":"iisexpress","ThreadId":1,"ApplicationId":"5a9a6c9ff9cf7988d6237fc87602cb69c19fc118","MachineName":"IG-UMH-DKT-0010","Log4NetLevel":"INFO "}
{"@t":"2025-03-02T15:46:45.2225264Z","@mt":"Content root path: {ContentRoot}","ContentRoot":"C:\\Users\\Sivanesan.Subramunie\\Source\\Repos\\blueGrassDigital","SourceContext":"Microsoft.Hosting.Lifetime","ProcessId":18300,"ProcessName":"iisexpress","ThreadId":1,"ApplicationId":"5a9a6c9ff9cf7988d6237fc87602cb69c19fc118","MachineName":"IG-UMH-DKT-0010","Log4NetLevel":"INFO "}
{"@t":"2025-03-02T15:47:12.4462784Z","@mt":"Adding examine event handlers for {RegisteredIndexers} index providers.","@tr":"430f9a5aead40f2577f626a41ed5f027","@sp":"6615ffabc3c2366d","RegisteredIndexers":3,"SourceContext":"Umbraco.Cms.Infrastructure.Examine.ExamineUmbracoIndexingHandler","ActionId":"d751db1f-8c10-4b1d-b119-d040f416633a","ActionName":"Umbraco.Cms.Api.Management.Controllers.Document.UpdateDocumentController.Update (Umbraco.Cms.Api.Management)","RequestId":"80000013-0000-ff00-b63f-84710c7967bb","RequestPath":"/umbraco/management/api/v1/document/93fff2a1-fe59-4ac7-a5e8-63638328c8ce","ProcessId":18300,"ProcessName":"iisexpress","ThreadId":8,"ApplicationId":"5a9a6c9ff9cf7988d6237fc87602cb69c19fc118","MachineName":"IG-UMH-DKT-0010","Log4NetLevel":"INFO ","HttpRequestId":"f9ae658b-19f0-44bb-8d14-94c70514b7d1","HttpRequestNumber":1,"HttpSessionId":"abe21b39-0f1d-462a-dd81-7f8a2804c7c7"}
{"@t":"2025-03-02T15:47:12.8066489Z","@mt":"Document {ContentName} (id={ContentId}) has been published.","@tr":"079abe77e2e12b8dbfb813ca9075dada","@sp":"021b3c07aa7215e3","ContentName":"Site","ContentId":1065,"SourceContext":"Umbraco.Cms.Core.Services.ContentService","ActionId":"bf1b2ef9-0a01-4d73-b54c-2ae583f1f24c","ActionName":"Umbraco.Cms.Api.Management.Controllers.Document.PublishDocumentController.Publish (Umbraco.Cms.Api.Management)","RequestId":"80000028-0006-e800-b63f-84710c7967bb","RequestPath":"/umbraco/management/api/v1/document/93fff2a1-fe59-4ac7-a5e8-63638328c8ce/publish","ProcessId":18300,"ProcessName":"iisexpress","ThreadId":27,"ApplicationId":"5a9a6c9ff9cf7988d6237fc87602cb69c19fc118","MachineName":"IG-UMH-DKT-0010","Log4NetLevel":"INFO ","HttpRequestId":"3d95f827-9ee6-4643-9893-1e0408511667","HttpRequestNumber":2,"HttpSessionId":"c077e65b-a945-2ce7-0ab3-e1a9bc0b8365"}
{"@t":"2025-03-02T15:47:28.7577974Z","@mt":"Document {ContentName} (id={ContentId}) has been published.","@tr":"8ddc2acbac7a13763407781e74614768","@sp":"cdf5edee65e32343","ContentName":"Site","ContentId":1065,"SourceContext":"Umbraco.Cms.Core.Services.ContentService","ActionId":"bf1b2ef9-0a01-4d73-b54c-2ae583f1f24c","ActionName":"Umbraco.Cms.Api.Management.Controllers.Document.PublishDocumentController.Publish (Umbraco.Cms.Api.Management)","RequestId":"80000032-0000-f900-b63f-84710c7967bb","RequestPath":"/umbraco/management/api/v1/document/93fff2a1-fe59-4ac7-a5e8-63638328c8ce/publish","ProcessId":18300,"ProcessName":"iisexpress","ThreadId":20,"ApplicationId":"5a9a6c9ff9cf7988d6237fc87602cb69c19fc118","MachineName":"IG-UMH-DKT-0010","Log4NetLevel":"INFO ","HttpRequestId":"516eb4bd-91f2-41c0-b62f-1ea5c6a93500","HttpRequestNumber":3,"HttpSessionId":"4d485bf9-fa5f-a38f-3088-c7cc7e716192"}
{"@t":"2025-03-02T15:47:36.5092975Z","@mt":"Document {ContentName} (id={ContentId}) has been published.","@tr":"e3474c4dc2391bbaa671a61d858ba7f0","@sp":"b50a024c3dbc3770","ContentName":"Site","ContentId":1065,"SourceContext":"Umbraco.Cms.Core.Services.ContentService","ActionId":"bf1b2ef9-0a01-4d73-b54c-2ae583f1f24c","ActionName":"Umbraco.Cms.Api.Management.Controllers.Document.PublishDocumentController.Publish (Umbraco.Cms.Api.Management)","RequestId":"80000022-0007-f700-b63f-84710c7967bb","RequestPath":"/umbraco/management/api/v1/document/93fff2a1-fe59-4ac7-a5e8-63638328c8ce/publish","ProcessId":18300,"ProcessName":"iisexpress","ThreadId":20,"ApplicationId":"5a9a6c9ff9cf7988d6237fc87602cb69c19fc118","MachineName":"IG-UMH-DKT-0010","Log4NetLevel":"INFO ","HttpRequestId":"afd1ab1e-3959-46da-b678-7b5aba2552b3","HttpRequestNumber":4,"HttpSessionId":"48034c02-c896-b6cb-41b2-605e08987cad"}
{"@t":"2025-03-02T15:47:45.4205148Z","@mt":"The Delivery API is not enabled, no indexing will performed for the Delivery API content index.","SourceContext":"Umbraco.Cms.Infrastructure.Examine.DeliveryApiContentIndexPopulator","ProcessId":18300,"ProcessName":"iisexpress","ThreadId":5,"ApplicationId":"5a9a6c9ff9cf7988d6237fc87602cb69c19fc118","MachineName":"IG-UMH-DKT-0010","Log4NetLevel":"INFO "}
{"@t":"2025-03-02T15:47:47.6907760Z","@mt":"The request URI matched a server endpoint: {Endpoint}.","@tr":"f74bd8acf37eedaef98a5f0f43f8adc2","@sp":"8cd4798bcee2177e","Endpoint":"Token","SourceContext":"OpenIddict.Server.OpenIddictServerDispatcher","RequestId":"80000011-0004-fd00-b63f-84710c7967bb","RequestPath":"/umbraco/management/api/v1/security/back-office/token","ProcessId":18300,"ProcessName":"iisexpress","ThreadId":8,"ApplicationId":"5a9a6c9ff9cf7988d6237fc87602cb69c19fc118","MachineName":"IG-UMH-DKT-0010","Log4NetLevel":"INFO ","HttpRequestId":"299b04da-87b9-4fa4-b089-aab4a62268d6","HttpRequestNumber":5,"HttpSessionId":"0"}
{"@t":"2025-03-02T15:47:47.7038198Z","@mt":"The token request was successfully extracted: {Request}.","@tr":"f74bd8acf37eedaef98a5f0f43f8adc2","@sp":"8cd4798bcee2177e","Request":"{\r\n  \"grant_type\": \"refresh_token\",\r\n  \"client_id\": \"umbraco-back-office\",\r\n  \"redirect_uri\": \"https://localhost:44381/umbraco/oauth_complete\",\r\n  \"refresh_token\": \"[redacted]\"\r\n}","SourceContext":"OpenIddict.Server.OpenIddictServerDispatcher","RequestId":"80000011-0004-fd00-b63f-84710c7967bb","RequestPath":"/umbraco/management/api/v1/security/back-office/token","ProcessId":18300,"ProcessName":"iisexpress","ThreadId":8,"ApplicationId":"5a9a6c9ff9cf7988d6237fc87602cb69c19fc118","MachineName":"IG-UMH-DKT-0010","Log4NetLevel":"INFO ","HttpRequestId":"299b04da-87b9-4fa4-b089-aab4a62268d6","HttpRequestNumber":5,"HttpSessionId":"0"}
{"@t":"2025-03-02T15:47:47.8006805Z","@mt":"The token request was successfully validated.","@tr":"f74bd8acf37eedaef98a5f0f43f8adc2","@sp":"8cd4798bcee2177e","SourceContext":"OpenIddict.Server.OpenIddictServerDispatcher","RequestId":"80000011-0004-fd00-b63f-84710c7967bb","RequestPath":"/umbraco/management/api/v1/security/back-office/token","ProcessId":18300,"ProcessName":"iisexpress","ThreadId":8,"ApplicationId":"5a9a6c9ff9cf7988d6237fc87602cb69c19fc118","MachineName":"IG-UMH-DKT-0010","Log4NetLevel":"INFO ","HttpRequestId":"299b04da-87b9-4fa4-b089-aab4a62268d6","HttpRequestNumber":5,"HttpSessionId":"0"}
{"@t":"2025-03-02T15:47:47.9112389Z","@mt":"The token '{Identifier}' was successfully marked as redeemed.","@tr":"f74bd8acf37eedaef98a5f0f43f8adc2","@sp":"8cd4798bcee2177e","Identifier":"34c7c838-aac2-49c0-a7cd-c9e3b4637a87","SourceContext":"OpenIddict.Core.OpenIddictTokenManager","ActionId":"6a353f16-2fb5-4f91-aa56-876dba01cfec","ActionName":"Umbraco.Cms.Api.Management.Controllers.Security.BackOfficeController.Token (Umbraco.Cms.Api.Management)","RequestId":"80000011-0004-fd00-b63f-84710c7967bb","RequestPath":"/umbraco/management/api/v1/security/back-office/token","ProcessId":18300,"ProcessName":"iisexpress","ThreadId":8,"ApplicationId":"5a9a6c9ff9cf7988d6237fc87602cb69c19fc118","MachineName":"IG-UMH-DKT-0010","Log4NetLevel":"INFO ","HttpRequestId":"299b04da-87b9-4fa4-b089-aab4a62268d6","HttpRequestNumber":5,"HttpSessionId":"50af2adb-f607-5d23-afd4-0c4c843e7c3e"}
{"@t":"2025-03-02T15:47:48.0265265Z","@mt":"The response was successfully returned as a JSON document: {Response}.","@tr":"f74bd8acf37eedaef98a5f0f43f8adc2","@sp":"8cd4798bcee2177e","Response":"{\r\n  \"access_token\": \"[redacted]\",\r\n  \"token_type\": \"Bearer\",\r\n  \"expires_in\": 299,\r\n  \"scope\": \"offline_access\",\r\n  \"refresh_token\": \"[redacted]\"\r\n}","SourceContext":"OpenIddict.Server.OpenIddictServerDispatcher","ActionId":"6a353f16-2fb5-4f91-aa56-876dba01cfec","ActionName":"Umbraco.Cms.Api.Management.Controllers.Security.BackOfficeController.Token (Umbraco.Cms.Api.Management)","RequestId":"80000011-0004-fd00-b63f-84710c7967bb","RequestPath":"/umbraco/management/api/v1/security/back-office/token","ProcessId":18300,"ProcessName":"iisexpress","ThreadId":8,"ApplicationId":"5a9a6c9ff9cf7988d6237fc87602cb69c19fc118","MachineName":"IG-UMH-DKT-0010","Log4NetLevel":"INFO ","HttpRequestId":"299b04da-87b9-4fa4-b089-aab4a62268d6","HttpRequestNumber":5,"HttpSessionId":"50af2adb-f607-5d23-afd4-0c4c843e7c3e"}
{"@t":"2025-03-02T15:47:48.1233678Z","@mt":"Document {ContentName} (id={ContentId}) has been published.","@tr":"83ee721abe02ca3f3505a14b23f6dc45","@sp":"896c08585c7210e0","ContentName":"Site","ContentId":1065,"SourceContext":"Umbraco.Cms.Core.Services.ContentService","ActionId":"bf1b2ef9-0a01-4d73-b54c-2ae583f1f24c","ActionName":"Umbraco.Cms.Api.Management.Controllers.Document.PublishDocumentController.Publish (Umbraco.Cms.Api.Management)","RequestId":"80000012-0007-f400-b63f-84710c7967bb","RequestPath":"/umbraco/management/api/v1/document/93fff2a1-fe59-4ac7-a5e8-63638328c8ce/publish","ProcessId":18300,"ProcessName":"iisexpress","ThreadId":17,"ApplicationId":"5a9a6c9ff9cf7988d6237fc87602cb69c19fc118","MachineName":"IG-UMH-DKT-0010","Log4NetLevel":"INFO ","HttpRequestId":"3696db62-72ef-46b1-9669-8d26872316b2","HttpRequestNumber":6,"HttpSessionId":"d5723735-7706-2905-a087-c221665cfbd3"}
